{"initial": {"X": -144.68973547363277, "Y": -114.71991418457031, "ZZ1": -1.85394287109375e-06, "ZZ2": -3.15093994140625e-06, "ZZ3": -1.983642578125e-06, "ZZ4": -0.00025228118896484375}, "nAgPMMA@mark": {"X": -144.6897811126709, "Y": -114.71992459106445, "ZZ1": -74.48000209045408}, "nAgPMMA@start": {"X": -144.68983604431148, "Y": -114.71981140136718, "ZZ1": -74.48000190734861}, "nAgPMMA@cal": {"X": -53.93978984069824, "Y": -114.71993855285642, "ZZ1": -51.210001579284665}, "TProbe@mark": {"X": -124.2898224029541, "Y": -114.71989097595213, "ZZ2": -32.47000462341308}, "TProbe@TP_init": {"X": -200, "Y": -250, "ZZ2": -50}, "camera@mark": {"X": -207.03980723571777, "Y": -114.71976861572266, "ZZ4": -19.110264335632323}, "safeZZ1": {"ZZ1": -1.85394287109375e-06}, "safeZZ2": {"ZZ2": -3.15093994140625e-06}, "safeZZ3": {"ZZ3": -1.983642578125e-06}, "safeZZ4": {"ZZ4": -0.00025228118896484375}, "nAgPMMAslide@start": {"X": -144.68983604431148, "Y": -114.71981140136718, "ZZ1": -74.48000190734861}, "TProbe@start": {"X": -124.28987733459469, "Y": -114.71977778625485, "ZZ2": -32.47000444030761}, "TProbeslide@start": {"X": -124.28987733459469, "Y": -114.71977778625485, "ZZ2": -32.47000444030761}, "TProbe@cal": {"X": -33.539831130981455, "Y": -114.71990493774409, "ZZ2": -9.200004112243668}, "camera@start": {"X": -207.03986216735836, "Y": -114.71965542602538, "ZZ4": -19.110264152526852}, "cameraslide@start": {"X": -207.03986216735836, "Y": -114.71965542602538, "ZZ4": -19.110264152526852}, "camera@cal": {"X": -116.28981596374513, "Y": -114.71978257751462, "ZZ4": 4.159736175537091}}