{"initial": {"X": -362.7646673432187, "Y": -149.96760876903747, "ZZ1": -72.03000009283691, "ZZ2": -40.000923901879965, "ZZ3": 4.2559814453125e-07, "ZZ4": -5.0000040135498045}, "nAgPMMA@mark": {"X": -268.41493062184276, "Y": -275.16799731036315, "ZZ1": -95.04999995838622}, "nAgPMMA@start": {"X": -262.4149881376631, "Y": -269.1679855283094, "ZZ1": -94.98999960948242}, "nAgPMMA@cal": {"X": -127.13296719401076, "Y": -284.0201203790572, "ZZ1": -83.12000108579834}, "TProbe@mark": {"X": -346.2252412457674, "Y": -280.99323467581877, "ZZ2": -65.21968914384232}, "TProbe@TP_init": {"X": -200, "Y": -250, "ZZ2": -50}, "camera@mark": {"X": -579.4584979742989, "Y": -276.29320277175765, "ZZ4": -10.19999325098877}, "safeZZ1": {"ZZ1": -72.03000009283691}, "safeZZ2": {"ZZ2": -40.000923901879965}, "safeZZ3": {"ZZ3": 4.2559814453125e-07}, "safeZZ4": {"ZZ4": -5.0000040135498045}, "nAgPMMAslide@start": {"X": -262.4149881376631, "Y": -269.1679855283094, "ZZ1": -94.98999960948242}, "TProbe@start": {"X": -340.22529876158774, "Y": -274.993222893765, "ZZ2": -65.15968879493852}, "TProbeslide@start": {"X": -340.22529876158774, "Y": -274.993222893765, "ZZ2": -65.15968879493852}, "TProbe@cal": {"X": -204.94327781793538, "Y": -289.8453577445128, "ZZ2": -53.28969027125443}, "camera@start": {"X": -573.4585554901192, "Y": -270.2931909897039, "ZZ4": -10.13999290208497}, "cameraslide@start": {"X": -573.4585554901192, "Y": -270.2931909897039, "ZZ4": -10.13999290208497}, "camera@cal": {"X": -438.1765345464669, "Y": -285.1453258404517, "ZZ4": 1.730005621599119}}